"","collocation","count","count_nested","length","lambda","z"
"1","конгресс татарин",31,31,2,6.24650457693012,18.4273807836416
"2","владимир путин",15,15,2,5.89416174163187,13.2202901296726
"3","всемирный конгресс",19,19,2,7.76651565700163,12.7308487921472
"4","гражданский война",8,8,2,6.72627474773737,12.1925185966967
"5","глава государство",7,7,2,5.27981389498348,11.0904532265346
"6","федеральный центр",5,5,2,5.89142995953724,10.1897687693358
"7","национальный движение",9,9,2,6.49441290618372,10.1269907320528
"8","сей пора",10,10,2,9.64274243109427,9.92565797547162
"9","внутренний политика",5,5,2,5.26409852316135,9.63880403923256
"10","сессия госсовет",4,4,2,7.7813403752657,9.56466201253485
"11","поставлять задача",4,4,2,6.35904597886515,9.53136493975956
"12","принимать решение",5,5,2,4.97634989992676,9.47684968870181
"13","становиться главный",6,6,2,4.45426115989961,9.43105009987176
"14","крайний мера",7,7,2,9.75866820013776,9.36518291796211
"15","выполнять роль",4,4,2,6.66016202911994,9.33485267990475
"16","молодой поколение",4,4,2,5.5163231707852,9.2009314041888
"17","минтимер шаймиев",6,6,2,9.36425292821617,9.16999204426863
"18","принимать участие",4,4,2,5.83369468858467,9.03426104827562
"19","править класс",3,3,2,7.07795824685853,8.97844210011965
"20","ксения собчак",4,4,2,9.07373683657842,8.97420503429609
"21","ирония судьба",3,1,2,6.91082157899274,8.97063688988074
"22","сергей кириенко",3,3,2,7.44584817293195,8.96480512874801
"23","старший поколение",4,4,2,7.46347319435875,8.90590688235152
"24","этнический группа",3,3,2,7.89799841535444,8.86502019268122
"25","система образование",4,4,2,5.11600960276241,8.82970137463768
"26","образ будущее",3,1,2,6.89897414738998,8.80956200444128
"27","демократический принцип",3,3,2,5.85996008437968,8.56595229984517
"28","рустам минниханов",5,5,2,8.25843372619359,8.53827676291209
"29","куратор внутренний",3,3,2,6.79864287782892,8.46146234597322
"30","целый эпоха",3,3,2,5.97843716764539,8.45268115845672
"31","государственный совет",4,4,2,4.74664490693576,8.44958944964514
"32","идеологический борьба",3,3,2,5.68544138748538,8.44954441745499
"33","военный хунта",3,3,2,7.38675994375829,8.35831523240852
"34","четверть век",3,3,2,6.66032729788865,8.35136919746301
"35","культурный автономия",4,4,2,8.36037424905822,8.33284417525076
"36","ребенок навальный",3,0,2,5.65108468565575,8.32675977559723
"37","иосиф сталин",3,3,2,8.74546136716139,8.06904025684998
"38","гражданский общество",3,2,2,5.13239513722737,7.97735993677049
"39","алексей навальный",3,3,2,6.87535604653546,7.97661053567234
"40","национальный культурный",4,4,2,4.76325268355393,7.95755606521973
"41","андропов горбачев",2,2,2,7.31021175045232,7.95468869837963
"42","роман драматический",2,2,2,7.56160872785,7.93536157817117
"43","огромный количество",2,2,2,7.56160872785,7.93536157817117
"44","проживать предел",2,2,2,7.56160872785,7.93536157817117
"45","штат ракхайн",2,2,2,7.10945849905848,7.92821266671223
"46","пойти путем",2,2,2,7.81300569843388,7.92673346305378
"47","открывать дорога",2,2,2,7.81300569843388,7.92673346305378
"48","избирательный кампания",2,2,2,7.81300569843388,7.92673346305378
"49","готовый проголосовать",2,2,2,7.36085548327107,7.90250465467616
"50","объявлять независимый",2,2,2,7.36085548327107,7.90250465467616
"51","дональд трамп",3,3,2,8.23438809604396,7.90236425251684
"52","всемирный курултай",3,3,2,6.7669771794685,7.882022991074
"53","требовать перемена",2,1,2,6.94232185164758,7.88009856145952
"54","народ поволжье",4,4,2,6.33639350351209,7.86975391282584
"55","давление собственный",2,2,2,6.799138438442,7.82162431269545
"56","рано поздно",2,2,2,8.1495604705454,7.82095711220875
"57","достаточно посмотреть",2,2,2,8.1495604705454,7.82095711220874
"58","массовый обыватель",2,2,2,8.1495604705454,7.82095711220874
"59","чечня рамзан",2,2,2,8.1495604705454,7.82095711220874
"60","председатель исполком",2,2,2,6.57443192557415,7.81467026861317
"61","обязательный преподавание",2,2,2,7.89816350677418,7.81152682524946
"62","отец ребенок",2,1,2,6.59838516659665,7.80213675825695
"63","закладывать основа",2,2,2,6.59838516659665,7.80213675825695
"64","языковой проблема",3,2,2,5.73080329435188,7.79282096991186
"65","конституционный основа",2,2,2,7.05053543628781,7.79014667307029
"66","течение столетие",2,2,2,7.05053543628781,7.79014667307029
"67","милль шура",22,0,2,12.8021994347073,7.77507005679006
"68","генерал вино",2,2,2,7.69741026900906,7.76802910312646
"69","борис ельцин",2,2,2,6.67389271910479,7.75849505874224
"70","представительный институт",2,2,2,6.43124849873085,7.75772001930139
"71","рамзан кадыров",2,2,2,8.48611523584538,7.74646153882401
"72","сходить сцена",2,2,2,8.48611523584538,7.74646153882401
"73","ныне покойный",3,3,2,9.84432124186691,7.73650657505519
"74","федеративный договор",2,2,2,6.9252897237689,7.72609712658562
"75","проведение сабантуй",2,2,2,6.9252897237689,7.72609712658562
"76","убивать тысяча",2,2,2,6.9252897237689,7.72609712658562
"77","попытка создание",2,2,2,6.9252897237689,7.72609712658562
"78","выполнять функция",2,2,2,7.53027363522912,7.70997196428142
"79","широкий общественность",2,2,2,6.28806506506701,7.70079842765226
"80","равный возможность",2,2,2,6.30600276575368,7.69496477059429
"81","татарстанский парламент",2,2,2,6.30600276575368,7.69496477059429
"82","независимый государство",3,3,2,6.53830520186372,7.67032064599858
"83","юридический служба",2,2,2,6.81398151227547,7.66118998046565
"84","возникать юридический",2,2,2,6.81398151227547,7.66118998046565
"85","сильный фактор",2,2,2,6.16281932526816,7.63779382389845
"86","декларация государственный",3,3,2,6.45966820832617,7.59418356378796
"87","государственный суверенитет",3,3,2,6.45966820832617,7.59418356378796
"88","альтернативный история",3,3,2,5.88813347984701,7.59293410899185
"89","президент рустам",4,4,2,6.08416802663413,7.59035752848562
"90","приходить новый",4,4,2,4.24638120781056,7.58076198015724
"91","изгонять тысяча",2,2,2,7.26184452995502,7.58035545995862
"92","революция бунт",2,2,2,7.26184452995502,7.58035545995862
"93","целый ряд",2,2,2,6.05151108649028,7.57220706697256
"94","американский прагматизм",2,2,2,6.09452847157397,7.56418150027123
"95","информационный поле",2,2,2,6.17061077803141,7.54503770205233
"96","казанский кремль",2,2,2,7.15053632527989,7.51504158665281
"97","сохранять язык",3,2,2,5.27073089875801,7.50719085115325
"98","столетие назад",2,2,2,5.95134501744172,7.50601230555943
"99","президент владимир",4,4,2,4.08136138139713,7.49458926531135
"100","орган вкт",4,4,2,4.24571705934897,7.45808293665116
"101","ровно назад",2,2,2,7.0503702903397,7.45113823002731
"102","спустя пять",2,2,2,7.0503702903397,7.45113823002731
"103","молодежный среда",2,2,2,8.66046862299016,7.44695311380164
"104","массовый коммуникация",2,2,2,8.66046862299015,7.44695311380164
"105","конец х",2,2,2,6.2108562129268,7.44266840186803
"106","тысяча рохинья",2,2,2,5.82609925717108,7.44147552455783
"107","тысяча рохиний",2,2,2,5.82609925717108,7.44147552455783
"108","вести борьба",2,2,2,5.92000985662098,7.43536336365136
"109","советский союз",2,2,2,5.92000985662098,7.43536336365136
"110","леонид ильич",2,2,2,8.99702338147971,7.42883857284748
"111","недопустимость обязательный",2,2,2,8.99702338147971,7.42883857284748
"112","упорно желать",2,2,2,8.99702338147971,7.42883857284748
"113","дорогой леонид",2,2,2,8.99702338147971,7.42883857284748
"114","компактный проживание",2,2,2,8.99702338147971,7.42883857284748
"115","игорь сечин",2,2,2,8.99702338147971,7.42883857284748
"116","крушение империя",2,2,2,8.40907166603048,7.40672822884121
"117","искать компромисс",2,2,2,8.40907166603048,7.40672822884121
"118","национальный право",4,4,2,4.04037126402016,7.4039134348064
"119","русский мир",3,0,2,4.73078890038151,7.39543158868031
"120","тысяча мусульманин",2,2,2,5.73504485482253,7.37516578782169
"121","представительный орган",2,2,2,5.84296619134203,7.37314142405057
"122","шестой съезд",2,2,2,6.39071167722556,7.35604015275598
"123","организационный структура",2,2,2,6.39071167722556,7.35604015275598
"124","василь шайхразиев",2,2,2,8.20831843507803,7.34595397008738
"125","федеральный национальный",4,4,2,3.98471841153728,7.34009606685045
"126","национальный язык",5,5,2,3.49575961827529,7.33297945003361
"127","давать бог",2,2,2,5.69978271673122,7.31288457223086
"128","подход внутренний",2,2,2,5.77142459638975,7.31266781628538
"129","жить территория",2,2,2,6.32393768541026,7.30073081713492
"130","администрация президент",3,3,2,5.085639196523,7.27509407177602
"131","общественный политический",5,5,2,3.50126113559151,7.26818743499676
"132","драматический событие",2,2,2,6.2613347042861,7.24736675377056
"133","август текущий",2,2,2,6.2613347042861,7.24736675377056
"134","накануне выборы",2,2,2,5.80918431177433,7.24730040348339
"135","мусульманин рохинья",2,2,2,5.52357049238661,7.23860680432626
"136","восточный азия",2,2,2,9.50793152030474,7.22162052969708
"137","зимний солнцестояние",2,2,2,9.50793152030474,7.22162052969708
"138","темный прошлое",2,1,2,9.50793152030474,7.22162052969708
"139","полагать конец",2,2,2,6.72726652433836,7.21633557871603
"140","август месяц",2,2,2,5.64204758248302,7.1971985167001
"141","август случаться",2,2,2,5.64204758248302,7.1971985167001
"142","исторический момент",3,3,2,4.43052697377142,7.1949357171553
"143","большинство делегат",2,2,2,5.50299532736835,7.18443909694041
"144","большинство население",2,2,2,5.50299532736835,7.18443909694041
"145","роль играть",2,2,2,5.89536201143059,7.16839397627655
"146","парижский сабантуй",2,2,2,7.77275271646874,7.14210668218536
"147","перепись население",2,2,2,7.77275271646874,7.14210668218536
"148","заместитель председатель",2,2,2,7.77275271646874,7.14210668218536
"149","регион брать",2,2,2,5.84263562648633,7.11888499877718
"150","житель мьянма",2,2,2,5.84263562648633,7.11888499877718
"151","xix век",2,2,2,6.59788956505014,7.11184030743715
"152","задача обеспечивать",2,2,2,6.59788956505014,7.11184030743715
"153","сверху приходить",2,2,2,6.59788956505014,7.11184030743715
"154","условие информационный",2,2,2,5.34905180915484,7.10346543785613
"155","шестой всемирный",2,2,2,6.09403270622608,7.09819238707755
"156","молодой кадры",2,2,2,5.6418822727335,7.09021545562479
"157","первый дело",3,3,2,4.31692032488038,7.08796355586663
"158","отмечать август",2,2,2,5.43994092906989,7.07884807952907
"159","татарстанский элита",2,2,2,5.37361828613882,7.06605123129449
"160","старый большевик",2,2,2,6.53896644088438,7.06255058727439
"161","владимир ленин",2,2,2,5.99622892691264,7.00698431476868
"162","интерес выборы",2,2,2,5.16214385539027,6.92342967770574
"163","август декабрь",2,2,2,5.16214385539027,6.92342967770574
"164","премьер министр",6,6,2,11.0508995291378,6.91501691544266
"165","высокий орган",2,2,2,5.11150012257151,6.90345742469492
"166","соответствие федеральный",2,2,2,6.33278382182453,6.8826707965831
"167","иной дело",2,2,2,5.23375817336218,6.87268982801168
"168","исполнительный орган",2,2,2,7.30971631259899,6.84370569043012
"169","давно пора",2,2,2,7.30971631259899,6.84370569043012
"170","решение актуальный",2,2,2,6.2872387894571,6.84152878423787
"171","отец нация",2,0,2,5.37312219286312,6.81773566977572
"172","путинский система",2,2,2,5.53532660749747,6.81330559609411
"173","принимать декларация",2,2,2,5.78672373508375,6.80304945391952
"174","система работать",2,2,2,5.24607344281365,6.80250546837062
"175","план работа",2,2,2,5.01216621273938,6.79443504676024
"176","аппарат вкт",3,3,2,4.71779357950325,6.79389799371207
"177","руководство вкт",3,3,2,4.71779357950325,6.79389799371207
"178","исполком вкт",3,3,2,4.71779357950325,6.79389799371207
"179","место компактный",2,2,2,7.238174751772,6.79194912978758
"180","глава чечня",2,2,2,5.74959976409803,6.76582423640309
"181","интерес регион",2,2,2,4.99484171383811,6.75594005024947
"182","деятельность вкт",3,3,2,4.55065648662222,6.75196859780102
"183","ринат закиров",5,5,2,10.5473732078535,6.71437529263465
"184","пресс конференция",5,5,2,10.5473732078535,6.71437529263465
"185","главный действующий",2,2,2,5.42783293818478,6.70050111005047
"186","задача легкое",2,2,2,7.10879780613276,6.69523381769172
"187","грядущий событие",2,2,2,7.10879780613276,6.69523381769172
"188","основа государство",2,2,2,5.06280184542817,6.69041754949441
"189","бюрократический система",2,2,2,6.12327866417172,6.68973695548982
"190","организатор общественный",2,2,2,5.6458109461981,6.66020492340326
"191","совет народ",3,3,2,4.00390457666583,6.65108049697899
"192","татарин проживать",3,3,2,5.08548124890733,6.64933888554562
"193","будущее нация",2,2,2,4.93755598264618,6.61615537088998
"194","говорить молодежный",2,2,2,6.99422221349556,6.60654984996242
"195","поколение говорить",2,2,2,4.79600561359214,6.59896809932693
"196","ближний восток",4,4,2,10.6833398131816,6.59728828295707
"197","си цзиньпина",4,4,2,10.6833398131816,6.59728828295707
"198","главный оппозиционер",2,2,2,6.01578503590088,6.58740290506829
"199","изменение статус",2,2,2,4.805983347632,6.57952205553141
"200","молодой энергичный",2,2,2,6.94149584904001,6.56486919341794
"201","автономия татарин",4,4,2,6.22552728748264,6.55152478301952
"202","борьба право",2,2,2,4.74327916712074,6.54361288717222
"203","соединять штат",4,4,2,10.3467850478816,6.53341149381938
"204","мир полный",2,2,2,5.95002232060109,6.52381490035373
"205","носитель исторический",2,2,2,5.95002232060109,6.52381490035373
"206","государство декабрь",2,2,2,4.72608142879245,6.46416613639695
"207","век проходить",2,2,2,4.65073933647083,6.46290403314654
"208","политический деятель",3,3,2,5.3953788342931,6.45392608221604
"209","исторический судьба",2,2,2,4.85099633012334,6.45274380160517
"210","совет республика",3,3,2,3.86199538954052,6.44510310747418
"211","президент сша",3,3,2,3.86569910446062,6.41843390485801
"212","национальный образование",3,3,2,3.89240135565167,6.41354628559643
"213","общественный пространство",2,2,2,4.75809404938755,6.41280113789543
"214","язык родной",2,2,2,5.80228390403459,6.37852434346796
"215","входить федеральный",2,2,2,4.57393355356016,6.37015930614667
"216","преподавание язык",2,2,2,5.11001085741395,6.35288359720715
"217","зачастую выступать",2,2,2,6.67273593318773,6.34502359219765
"218","статус республика",3,3,2,3.7641910205942,6.32403277454491
"219","против выступать",2,2,2,4.55156255407955,6.31614378640941
"220","развитие нация",2,2,2,4.55156255407955,6.31614378640941
"221","советский государство",2,2,2,4.55156255407955,6.31614378640941
"222","демократический государство",2,2,2,4.55156255407955,6.31614378640941
"223","обсуждение проблема",2,2,2,4.61444202340158,6.29643708029825
"224","южный корея",3,3,2,10.0955531482795,6.29558248004154
"225","поволжье урал",3,3,2,10.0955531482795,6.29558248004154
"226","государственный устройство",2,2,2,6.59706301625737,6.28117122946997
"227","государственный советник",2,2,2,6.59706301625737,6.28117122946997
"228","язык школа",2,2,2,4.70325774233682,6.28043309890929
"229","ответ вопрос",2,2,2,4.88478309793006,6.27494481972338
"230","выступать против",2,2,2,4.51301351919676,6.27159216169427
"231","ход история",2,2,2,4.63453032424428,6.2679438017373
"232","государственный язык",3,3,2,3.696593829917,6.25867869985412
"233","долгий время",3,3,2,6.1422625054023,6.23976305149978
"234","исторический сознание",2,2,2,4.5142757902398,6.21806437864314
"235","жизненный опыт",3,3,2,9.84415619131981,6.21602970484924
"236","союзный республика",2,2,2,5.22276086853317,6.21008502735342
"237","вопрос почему",2,2,2,4.71764619753186,6.205144818717
"238","пост президент",2,2,2,4.92908642536727,6.14733298235111
"239","главный орган",2,2,2,4.32847586298771,6.07266837330806
"240","руководство республика",2,2,2,4.60347313059208,6.0685887597523
"241","решать проблема",2,2,2,4.33975683332768,6.06600865969175
"242","дмитрий медведев",2,2,2,10.6066263172237,6.05672897158953
"243","здравый рассудок",2,2,2,10.6066263172237,6.05672897158953
"244","шарль бодлер",2,2,2,10.6066263172237,6.05672897158953
"245","бой куранты",2,2,2,10.6066263172237,6.05672897158953
"246","юго восточный",2,2,2,10.6066263172237,6.05672897158953
"247","отличительный особенность",2,2,2,10.6066263172237,6.05672897158953
"248","дед мороз",2,2,2,10.6066263172237,6.05672897158953
"249","усталость металл",2,0,2,10.6066263172237,6.05672897158953
"250","мудрый степенный",2,2,2,10.6066263172237,6.05672897158953
"251","чонгарский операция",2,2,2,10.6066263172237,6.05672897158953
"252","игра спортсмен",2,2,2,10.6066263172237,6.05672897158953
"253","свойственный манера",2,2,2,10.6066263172237,6.05672897158953
"254","административно территориальный",2,2,2,10.0957181852069,6.03325670866707
"255","сан су",2,2,2,10.0957181852069,6.03325670866707
"256","экстремистский призыв",2,2,2,10.0957181852069,6.03325670866707
"257","традиционалистский клуб",2,2,2,10.0957181852069,6.03325670866707
"258","проделывать колоссальный",2,2,2,10.0957181852069,6.03325670866707
"259","президент минтимер",2,2,2,4.66806625135462,6.01983675806967
"260","президент рф",2,2,2,4.66806625135462,6.01983675806967
"261","аппарат президент",2,2,2,4.56119592456378,6.01749486840017
"262","представитель народ",2,2,2,4.36238237690286,5.99198191242142
"263","аун сан",4,4,2,12.2929427625431,5.98247747925469
"264","it works",4,2,2,12.2929427625431,5.98247747925469
"265","преподавание национальный",2,2,2,4.7757465376018,5.96966337096898
"266","общественный организация",2,2,2,4.22351489526282,5.96202056074436
"267","передний край",2,2,2,9.75916343352661,5.95492114162453
"268","спикер госдума",2,2,2,9.75916343352661,5.95492114162453
"269","драматический развязка",2,2,2,9.75916343352661,5.95492114162453
"270","четкий понимание",2,1,2,9.75916343352661,5.95492114162453
"271","александр пушкин",2,2,2,9.75916343352661,5.95492114162453
"272","кандидат президент",2,2,2,4.41801221028412,5.93551495626046
"273","лидер нация",2,2,2,4.15902383921887,5.92124088185971
"274","народ рохиний",2,2,2,4.26221608203039,5.9105603790412
"275","празднование новый",2,2,2,4.72376210698242,5.90880387153381
"276","бизнес online",2,0,2,9.50776648337736,5.87133588510251
"277","южный осетия",2,2,2,9.50776648337736,5.87133588510251
"278","ксения анатольевна",2,2,2,9.50776648337736,5.87133588510251
"279","десятилетний мальчик",2,2,2,9.50776648337736,5.87133588510251
"280","вертикаль власть",2,2,2,4.42579646301175,5.85212388326036
"281","время организатор",2,2,2,4.87858797391361,5.82659961893946
"282","карл маркс",3,3,2,12.041710842513,5.81664296137599
"283","этнорегиональный компонент",3,3,2,12.041710842513,5.81664296137599
"284","the donald",3,3,2,12.041710842513,5.81664296137599
"285","йошкар оля",3,3,2,12.041710842513,5.81664296137599
"286","вызов время",2,2,2,4.48978173114414,5.80518513954598
"287","новый формат",2,2,2,4.84834457799975,5.79234829550314
"288","ручной управление",2,2,2,9.30701325923645,5.7921601829639
"289","сергей владиленович",2,2,2,9.30701325923645,5.7921601829639
"290","точка зрение",2,2,2,9.30701325923645,5.7921601829639
"291","глава всемирный",2,2,2,4.03062414716292,5.77142737983504
"292","региональный власть",2,2,2,4.2826127006314,5.76715897130958
"293","новый геополитический",2,2,2,4.59694716905329,5.75915657902127
"294","верховный совет",4,4,2,8.68053853609566,5.75342293855992
"295","координационный совет",4,4,2,8.68053853609566,5.75342293855992
"296","становиться причина",2,2,2,4.07664280422842,5.71117867758509
"297","курултай татарин",2,2,2,4.76268878234783,5.69493192155982
"298","основа новый",2,2,2,4.21268766510119,5.67923564005901
"299","отвечать путин",2,2,2,4.51129133206604,5.65721665427489
"300","гордиться татарин",2,2,2,5.09924403407784,5.6529705082559
"301","правозащитный деятельность",2,2,2,8.99669325313932,5.65235810917283
"302","остров крым",2,1,2,8.99669325313932,5.65235810917283
"303","вкт находиться",2,2,2,4.25929984416525,5.64556192013796
"304","национальный представительство",2,2,2,5.87460752062583,5.64123714395121
"305","политический карьера",2,2,2,4.70936412283988,5.63399848637538
"306","политический активность",2,2,2,4.70936412283988,5.63399848637538
"307","татарин второй",2,2,2,4.48427801734728,5.62493577500499
"308","татарин состояться",2,2,2,4.48427801734728,5.62493577500499
"309","сходить политический",2,2,2,5.07223074693197,5.6242695267671
"310","татарин башкир",2,2,2,5.07223074693197,5.6242695267671
"311","xx век",3,3,2,8.606485298895,5.61387809677835
"312","пристальный внимание",2,2,2,8.87144756106854,5.59100584037558
"313","собрание татарин",2,2,2,4.31053760770979,5.58583532738603
"314","измерять оценивать",2,2,2,11.7053211073357,5.58024057220796
"315","сослагательный наклонение",2,2,2,11.7053211073357,5.58024057220796
"316","ким чен",2,2,2,11.7053211073357,5.58024057220796
"317","перекопский чонгарский",2,2,2,11.7053211073357,5.58024057220796
"318","конфетти мишура",2,2,2,11.7053211073357,5.58024057220796
"319","la guerre",2,2,2,11.7053211073357,5.58024057220796
"320","ледяной пустыня",2,2,2,11.7053211073357,5.58024057220796
"321","лужков примаков",2,2,2,11.7053211073357,5.58024057220796
"322","су чжа",2,2,2,11.7053211073357,5.58024057220796
"323","a la",2,2,2,11.7053211073357,5.58024057220796
"324","чен ына",2,2,2,11.7053211073357,5.58024057220796
"325","лягушка пруд",2,0,2,11.7053211073357,5.58024057220796
"326","революционный лихолетье",2,2,2,11.7053211073357,5.58024057220796
"327","взвешивать измерять",2,2,2,11.7053211073357,5.58024057220796
"328","конструкция вкт",2,2,2,4.19969124269844,5.57085415627683
"329","короткий время",2,2,2,5.78939645900541,5.56310308614375
"330","недавний время",2,2,2,5.78939645900541,5.56310308614375
"331","политтехнолог кремль",2,2,2,8.76013937002663,5.53448460777721
"332","вкт упорно",2,2,2,5.72605174744567,5.50475846744035
"333","время перепись",2,2,2,5.72605174744567,5.50475846744035
"334","заявление путин",2,2,2,4.14340048725815,5.49997515263765
"335","администрация путин",2,2,2,4.14340048725815,5.49997515263765
"336","политический класс",2,2,2,4.09007574499715,5.43255334841028
"337","обходить сторона",3,3,2,8.27877662233869,5.42092203708564
"338","право народ",2,2,2,3.75081041184443,5.40304946047196
"339","структура национальный",2,2,2,3.83689637154191,5.4006597041632
"340","годовой план",2,2,2,8.48545481562903,5.38817948832509
"341","демократический процедура",2,2,2,8.48545481562903,5.38817948832509
"342","против мейнстрим",2,2,2,8.48545481562903,5.38817948832509
"343","стратегия политический",2,2,2,3.9732032448382,5.37380083377448
"344","татарин претендовать",2,2,2,5.58313939269884,5.3723915221691
"345","путин недопустимость",2,2,2,5.56989828612045,5.36007987685307
"346","политический субъектность",2,2,2,5.55682806169954,5.34791968403325
"347","усеченный съезд",2,0,2,8.33686963728496,5.30564556525918
"348","татарин мало",2,2,2,3.84795703850679,5.28071966449611
"349","новый традиция",2,2,2,3.74915128001914,5.24916235964432
"350","парламентский выборы",2,2,2,8.20749270529245,5.23217390914271
"351","xxi век",2,2,2,8.20749270529245,5.23217390914271
"352","момент республика",2,2,2,3.6121626227875,5.22061233556384
"353","почему вкт",2,2,2,3.71978606064431,5.21022580971801
"354","советский время",2,2,2,3.66822036259598,5.20672207485528
"355","путин спустя",2,2,2,3.7234071713628,5.17130840213928
"356","национальный организация",2,2,2,3.60484585679467,5.16695626298738
"357","посольство мьянма",2,2,2,8.04019076867825,5.13525945935913
"358","съезд вкт",2,2,2,3.62873123975459,5.12448808982642
"359","структура вкт",2,2,2,3.62873123975459,5.12448808982642
"360","вкт нынешний",2,2,2,3.60487534811164,5.12193520575898
"361","власть большинство",2,1,2,3.55601209969601,5.11872580458357
"362","статус кво",2,2,2,7.89684201164072,5.05075173782801
"363","национальный республика",3,3,2,2.8130364263479,4.92837943836324
"364","политический борьба",2,2,2,3.43565075238386,4.89318425249362
"365","власть общество",2,2,2,3.32610569406655,4.85481106690265
"366","путин входить",2,2,2,3.37167690677455,4.83035836005983
"367","татарин вкт",4,4,2,2.38561652725041,4.76432070260133
"368","политический ситуация",2,2,2,3.28706451695311,4.73485185922646
"369","многомиллионный народ",2,2,2,7.30756657428712,4.69285500180867
"370","неродной язык",2,1,2,7.30756657428712,4.69285500180867
"371","задаваться вопрос",2,2,2,7.28309234655816,4.67771178707573
"372","эпоха путин",2,2,2,3.21101154592609,4.66248848328745
"373","республика вкт",3,3,2,2.64662156736659,4.65406217344457
"374","первый конгресс",2,2,2,3.1453697684852,4.6520346958625
"375","политический конъюнктура",3,3,2,7.00498281140977,4.62008475268734
"376","лидер татарин",2,2,2,3.09643496443587,4.52750034001676
"377","вкт федеральный",2,2,2,3.06180354894583,4.50527450367239
"378","делить власть",2,2,2,6.99124318857738,4.49590577340255
"379","национальный буржуазия",2,2,2,6.97330269367028,4.48466438439304
"380","подъем национальный",2,2,2,6.97330269367028,4.48466438439304
"381","веяние время",2,2,2,6.88809166641321,4.43118232493005
"382","сторона вкт",2,2,2,3.00219453364488,4.4217711877777
"383","время посещение",2,2,2,6.82474698236465,4.39133438758749
"384","политический проект",2,2,2,2.9402894234384,4.32691827970275
"385","вопрос язык",2,2,2,2.88532657676475,4.30659766342257
"386","проблема национальный",2,2,2,2.89335880930362,4.30513350035334
"387","вкт выступать",2,2,2,2.89084562654366,4.28772019948086
"388","национальный политика",2,2,2,2.85993930495489,4.26065255451037
"389","национальный общественный",2,2,2,2.85993930495489,4.26065255451037
"390","система вкт",2,2,2,2.87132497466792,4.25538902947419
"391","народ республика",2,2,2,2.77115234001485,4.14817219002331
"392","новый конституция",2,2,2,2.78492810289675,4.14571841953579
"393","новый исторический",2,2,2,2.64879393523261,3.9633955092645
"394","новый мир",2,0,2,2.50105328169594,3.76068355900267
"395","народ время",2,2,2,2.49032038751101,3.74989267423892
"396","вопрос путин",2,2,2,2.28659863195769,3.45588630899212
"397","вкт федеральный национальный",2,0,3,3.11548646973046,1.40916086028717
"398","федеральный национальный культурный",4,0,3,3.28127040898137,1.29578555587956
"399","президент владимир путин",4,0,3,1.06220135539093,0.501832217189618
"400","конгресс татарин вкт",4,0,3,1.02026713685733,0.488799410378449
"401","культурный автономия татарин",4,0,3,1.0262905490835,0.387326155466159
"402","преподавание язык школа",2,0,3,0.750724699133853,0.288249494120341
"403","национальный культурный автономия",4,0,3,0.670841099419849,0.253069683784893
"404","конституционный основа государство",2,0,3,-0.0435328268716592,-0.0165961766491774
"405","президент рустам минниханов",4,0,3,-0.12514592028208,-0.0525897463941674
"406","путин недопустимость обязательный",2,0,3,-0.730430033795376,-0.267068534195857
"407","татарин проживать предел",2,0,3,-0.686287686811745,-0.288668035278655
"408","куратор внутренний политика",3,0,3,-0.666622811469496,-0.295295375083075
"409","первый конгресс татарин",2,0,3,-0.640513877376637,-0.299914348815379
"410","вкт упорно желать",2,0,3,-0.875425670104383,-0.320039052501561
"411","подход внутренний политика",2,0,3,-0.720270167088312,-0.32326949214879
"412","глава чечня рамзан",2,0,3,-0.883617265917805,-0.3310992634303
"413","преподавание национальный язык",2,0,3,-0.662137053651606,-0.34484789920532
"414","координационный совет народ",3,0,3,-1.22575141602063,-0.462240494837724
"415","годовой план работа",2,0,3,-1.75579968604664,-0.600675114264935
"416","говорить молодежный среда",2,0,3,-1.79171656826492,-0.658358104215699
"417","совет народ поволжье",2,0,3,-1.61409731082876,-0.812400353866237
"418","становиться главный действующий",2,0,3,-1.66906438921065,-0.874131248675357
"419","место компактный проживание",2,0,3,-2.44378454165105,-0.88992506504476
"420","глава всемирный конгресс",2,0,3,-2.01582981465557,-0.918137128440859
"421","поставлять задача обеспечивать",2,0,3,-2.51474010892473,-1.07988475748433
"422","президент минтимер шаймиев",2,0,3,-2.71054977144344,-1.15257895514896
"423","народ поволжье урал",3,0,3,-3.25433608691196,-1.19806422402848
"424","чечня рамзан кадыров",2,0,3,-3.28365717366361,-1.20015876033347
"425","всемирный конгресс татарин",19,0,3,-2.33100534004615,-1.28491066345779
"426","владимир путин недопустимость",2,0,3,-3.04400517403673,-1.32528954408577
"427","роман драматический развязка",2,0,3,-4.30530842119559,-1.4424926975373
"428","декларация государственный суверенитет",2,0,3,-3.492907506149,-1.63344239255871
"429","дорогой леонид ильич",2,0,3,-5.15294899674701,-1.77792725012708
"430","юго восточный азия",2,0,3,-6.25164694585718,-2.00383396884379
"431","сан су чжа",2,0,3,-6.8394336107593,-2.08116511872811
"432","перекопский чонгарский операция",2,0,3,-7.35034488763027,-2.20951839793497
"433","ким чен ына",2,0,3,-8.44904282206753,-2.39935864371052
"434","a la guerre",2,0,3,-8.44904282206753,-2.39935864371052
"435","взвешивать измерять оценивать",2,0,3,-8.44904282206753,-2.39935864371052
"436","всемирный курултай татарин",2,0,3,-6.92250613510702,-2.94196033944234
"437","аун сан су",2,0,3,-10.0583094356275,-3.06063395627841
